Semstertyp;Semsterstart;Semesterende;Mastertyp;Studiengang;Bewerbungen;Annahmen gesamt
Wintersemester;2018;2019;Science;Betriebswirtschaft (Business Administration);1394;240
Wintersemester;2018;2019;Science;Wirtschaftsingenieurwesen;400;83
Wintersemester;2018;2019;Arts;Erziehungs- und Bildungswissenschaft;242;95
Wintersemester;2018;2019;Arts;Higher Education;24;14
Wintersemester;2018;2019;Arts;Mehrsprachigkeit und Bildung;62;24
Wintersemester;2018;2019;Arts;Religionen, Dialog und Bildung;39;17
Wintersemester;2018;2019;Arts;Afrikanische Sprachen und Kulturen;3;2
Wintersemester;2018;2019;Arts;Allgemeine Sprachwissenschaft;43;6
Wintersemester;2018;2019;Arts;Archäologie und Kulturgeschichte des Antiken Mittelmeerraums;10;4
Wintersemester;2018;2019;Arts;British and American Cultures: Texts and Media;58;22
Wintersemester;2018;2019;Arts;Buddhist Studies;2;2
Wintersemester;2018;2019;Arts;Deutschsprachige Literaturen;76;25
Wintersemester;2018;2019;Arts;English as a World Language;30;6
Wintersemester;2018;2019;Arts;Ethnologie;35;15
Wintersemester;2018;2019;Arts;Gebärdensprachen;1;0
Wintersemester;2018;2019;Arts;Germanistische Linguistik;51;9
Wintersemester;2018;2019;Arts;Geschichte;51;29
Wintersemester;2018;2019;Arts;Geschichte, SuK des Vorderen Orients;19;6
Wintersemester;2018;2019;Arts;Historische Musikwissenschaft;8;6
Wintersemester;2018;2019;Arts;Indology and Tibetology;10;7
Wintersemester;2018;2019;Arts;Japanologie;9;3
Wintersemester;2018;2019;Arts;Jüdische Philosophie und Religion;4;2
Wintersemester;2018;2019;Arts;Kunstgeschichte;51;22
Wintersemester;2018;2019;Arts;Languages and Cultures of Southeast Asia;11;7
Wintersemester;2018;2019;Arts;Lateinamerika-Studien;47;7
Wintersemester;2018;2019;Arts;Manuskriptkulturen;14;5
Wintersemester;2018;2019;Arts;Medienwissenschaft (Media Studies);179;18
Wintersemester;2018;2019;Arts;Mittelalter-Studien;3;2
Wintersemester;2018;2019;Arts;Neogräzistik;1;1
Wintersemester;2018;2019;Arts;Osteuropastudien;30;13
Wintersemester;2018;2019;Arts;Philosophie;21;7
Wintersemester;2018;2019;Arts;Romanische Literaturen;10;9
Wintersemester;2018;2019;Arts;Romanistische Linguistik;2;1
Wintersemester;2018;2019;Arts;Sinologie;15;5
Wintersemester;2018;2019;Arts;Slavistik;4;2
Wintersemester;2018;2019;Arts;Systematische Musikwissenschaft;20;13
Wintersemester;2018;2019;Arts;Uralische Sprachen und Kulturen;1;1
Wintersemester;2018;2019;Arts;Volkskunde/Kulturantropologie;37;9
Wintersemester;2018;2019;Arts;Vor- und Frühgeschichtliche Archäologie;3;3
Wintersemester;2018;2019;Arts;Buddhist Studies int;7;3
Wintersemester;2018;2019;Arts;Languages and Cultures of Southeast Asia int;9;6
Wintersemester;2018;2019;Science;Bioinformatik;71;23
Wintersemester;2018;2019;Science;Biologie;188;79
Wintersemester;2018;2019;Science;Chemie;76;38
Wintersemester;2018;2019;Science;Geographie;122;24
Wintersemester;2018;2019;Science;Geophysik;9;4
Wintersemester;2018;2019;Science;Geowissenschaften;44;28
Wintersemester;2018;2019;Science;Holzwirtschaft;30;18
Wintersemester;2018;2019;Science;Industrial Mathematics;45;7
Wintersemester;2018;2019;Science;Informatik;138;60
Wintersemester;2018;2019;Science;IT-Management und -Consulting;99;36
Wintersemester;2018;2019;Science;Kosmetikwissenschaft;95;26
Wintersemester;2018;2019;Science;Lebensmittelchemie;18;1
Wintersemester;2018;2019;Science;Marine Ökosystem- und Fischereiwissenschaften;56;16
Wintersemester;2018;2019;Science;Mathematical Physics;77;13
Wintersemester;2018;2019;Science;Mathematics;64;18
Wintersemester;2018;2019;Science;Meteorologie;13;10
Wintersemester;2018;2019;Science;Molecular Life Sciences;155;35
Wintersemester;2018;2019;Science;Nanowissenschaften;34;20
Wintersemester;2018;2019;Science;Ocean and Climate Physics;24;11
Wintersemester;2018;2019;Science;Physik;61;36
Wintersemester;2018;2019;Science;Technomathematik;19;10
Wintersemester;2018;2019;Science;Wirtschaftsinformatik;131;42
Wintersemester;2018;2019;Science;Wirtschaftsmathematik;29;11
Wintersemester;2018;2019;Science;Integrated Climate System Sciences int;73;20
Wintersemester;2018;2019;Science;Intelligent Adaptive Systems int;405;22
Wintersemester;2018;2019;Science;Molecular Plant Science int;57;22
Wintersemester;2018;2019;Arts;Bewegungs- und Sportwissenschaft;102;25
Wintersemester;2018;2019;Arts;Performance Studies;9;11
Wintersemester;2018;2019;Science;Psychologie;1465;99
Wintersemester;2018;2019;Arts;Arbeit, Wirtschaft und Gesellschaft: Ökonomische und Soziologische Studien;121;30
Wintersemester;2018;2019;Arts;Internationale Kriminologie;185;31
Wintersemester;2018;2019;Arts;Journalistik und Kommunikationswissenschaft;134;26
Wintersemester;2018;2019;Arts;Politikwissenschaft;166;29
Wintersemester;2018;2019;Arts;Soziologie;137;31
Wintersemester;2018;2019;Science;Health Economics and Health Care Management;116;25
Wintersemester;2018;2019;Science;Interdisziplinäre Public and Nonprofit Studien;201;50
Wintersemester;2018;2019;Arts;International Business and Sustainability int;723;53
Wintersemester;2018;2019;Science;Economics int;305;33
Wintersemester;2018;2019;Science;Politics, Economics and Philosophy int;247;35
Wintersemester;2018;2019;Education;M.Ed. LA an Gymnasien;267;206
Wintersemester;2018;2019;Education;M.Ed. LA an Sonderschulen;141;125
Wintersemester;2018;2019;Education;M.Ed. LA Berufliche Schulen;146;130
Wintersemester;2018;2019;Education;M.Ed. LA der Primarstufe und Sekundarstufe I;239;209
Sommersemester;2019;2019;Arts;Higher Education;17;9
Sommersemester;2019;2019;Arts;Afrikanische Sprachen und Kulturen;12;1
Sommersemester;2019;2019;Arts;Allgemeine Sprachwissenschaft;17;5
Sommersemester;2019;2019;Arts;Archäologie und Kulturgeschichte des Antiken Mittelmeerraums;17;5
Sommersemester;2019;2019;Arts;Buddhist Studies;8;3
Sommersemester;2019;2019;Arts;Deutschsprachige Literaturen;42;12
Sommersemester;2019;2019;Arts;English as a World Language;24;2
Sommersemester;2019;2019;Arts;Gebärdensprachdolmetschen;4;4
Sommersemester;2019;2019;Arts;Gebärdensprachen;3;2
Sommersemester;2019;2019;Arts;Germanistische Linguistik;17;2
Sommersemester;2019;2019;Arts;Geschichte;20;9
Sommersemester;2019;2019;Arts;Geschichte, SuK des Vorderen Orients;9;5
Sommersemester;2019;2019;Arts;Griechische und Lateinische Philologie;0;0
Sommersemester;2019;2019;Arts;Historische Musikwissenschaft;5;1
Sommersemester;2019;2019;Arts;Indology and Tibetology;2;2
Sommersemester;2019;2019;Arts;Japanologie;2;0
Sommersemester;2019;2019;Arts;Jüdische Philosophie und Religion;1;0
Sommersemester;2019;2019;Arts;Kunstgeschichte;12;6
Sommersemester;2019;2019;Arts;Languages and Cultures of Southeast Asia;7;5
Sommersemester;2019;2019;Arts;Mittelalter-Studien;2;1
Sommersemester;2019;2019;Arts;Osteuropastudien;6;3
Sommersemester;2019;2019;Arts;Philosophie;13;6
Sommersemester;2019;2019;Arts;Romanische Literaturen;4;4
Sommersemester;2019;2019;Arts;Romanistische Linguistik;4;3
Sommersemester;2019;2019;Arts;Sinologie;3;1
Sommersemester;2019;2019;Arts;Systematische Musikwissenschaft;8;5
Sommersemester;2019;2019;Arts;Uralische Sprachen und Kulturen;0;0
Sommersemester;2019;2019;Arts;Vor- und Frühgeschichtliche Archäologie;3;2
Sommersemester;2019;2019;Science;Chemie;56;29
Sommersemester;2019;2019;Science;Geophysik;5;1
Sommersemester;2019;2019;Science;Industrial Mathematics;40;5
Sommersemester;2019;2019;Science;Informatik;116;40
Sommersemester;2019;2019;Science;Mathematical Physics;18;3
Sommersemester;2019;2019;Science;Mathematics;41;6
Sommersemester;2019;2019;Science;Nanowissenschaften;9;2
Sommersemester;2019;2019;Science;Physik;63;43
Sommersemester;2019;2019;Science;Technomathematik;12;6
Sommersemester;2019;2019;Science;Wirtschaftsmathematik;31;7
Sommersemester;2019;2019;Arts;Human Resource Management;248;40
Wintersemester;2019;2020;Science;Betriebswirtschaft (Business Administration);1243;203
Wintersemester;2019;2020;Science;Wirtschaftsingenieurwesen;363;100
Wintersemester;2019;2020;Arts;Erziehungs- und Bildungswissenschaft;268;128
Wintersemester;2019;2020;Arts;Higher Education;15;12
Wintersemester;2019;2020;Arts;Mehrsprachigkeit und Bildung;52;28
Wintersemester;2019;2020;Arts;Religionen, Dialog und Bildung;38;18
Wintersemester;2019;2020;Arts;Afrikanische Sprachen und Kulturen;9;0
Wintersemester;2019;2020;Arts;Allgemeine Sprachwissenschaft;37;9
Wintersemester;2019;2020;Arts;Archäologie und Kulturgeschichte des Antiken Mittelmeerraums;3;2
Wintersemester;2019;2020;Arts;British and American Cultures: Texts and Media;61;21
Wintersemester;2019;2020;Arts;Buddhist Studies;5;1
Wintersemester;2019;2020;Arts;Deutschsprachige Literaturen;88;28
Wintersemester;2019;2020;Arts;English as a World Language;30;5
Wintersemester;2019;2020;Arts;Ethnologie;34;12
Wintersemester;2019;2020;Arts;Gebärdensprachdolmetschen (berufsbegleitend);1;1
Wintersemester;2019;2020;Arts;Gebärdensprachen;2;1
Wintersemester;2019;2020;Arts;Germanistische Linguistik;54;14
Wintersemester;2019;2020;Arts;Geschichte;31;18
Wintersemester;2019;2020;Arts;Geschichte, SuK des Vorderen Orients;16;5
Wintersemester;2019;2020;Arts;Historische Musikwissenschaft;13;6
Wintersemester;2019;2020;Arts;Indology and Tibetology;3;3
Wintersemester;2019;2020;Arts;Japanologie;7;3
Wintersemester;2019;2020;Arts;Jüdische Philosophie und Religion;2;0
Wintersemester;2019;2020;Arts;Kunstgeschichte;41;20
Wintersemester;2019;2020;Arts;Languages and Cultures of Southeast Asia;4;3
Wintersemester;2019;2020;Arts;Lateinamerika-Studien;30;13
Wintersemester;2019;2020;Arts;Manuskriptkulturen;18;8
Wintersemester;2019;2020;Arts;Medienwissenschaft (Media Studies);196;18
Wintersemester;2019;2020;Arts;Mittelalter-Studien;1;0
Wintersemester;2019;2020;Arts;Neogräzistik;0;0
Wintersemester;2019;2020;Arts;Osteuropastudien;32;11
Wintersemester;2019;2020;Arts;Philosophie;27;7
Wintersemester;2019;2020;Arts;Romanische Literaturen;9;3
Wintersemester;2019;2020;Arts;Romanistische Linguistik;1;1
Wintersemester;2019;2020;Arts;Sinologie;16;6
Wintersemester;2019;2020;Arts;Slavistik;4;1
Wintersemester;2019;2020;Arts;Systematische Musikwissenschaft;16;9
Wintersemester;2019;2020;Arts;Uralische Sprachen und Kulturen;1;1
Wintersemester;2019;2020;Arts;Volkskunde/Kulturantropologie;23;9
Wintersemester;2019;2020;Arts;Vor- und Frühgeschichtliche Archäologie;4;4
Wintersemester;2019;2020;Arts;Buddhist Studies int;1;4
Wintersemester;2019;2020;Arts;Languages and Cultures of Southeast Asia int;9;3
Wintersemester;2019;2020;Science;Bioinformatik;63;25
Wintersemester;2019;2020;Science;Biologie;194;79
Wintersemester;2019;2020;Science;Chemie;85;54
Wintersemester;2019;2020;Science;Geographie;121;44
Wintersemester;2019;2020;Science;Geophysik;15;9
Wintersemester;2019;2020;Science;Geowissenschaften;58;26
Wintersemester;2019;2020;Science;Informatik;152;58
Wintersemester;2019;2020;Science;IT-Management und -Consulting;94;44
Wintersemester;2019;2020;Science;Kosmetikwissenschaft;82;28
Wintersemester;2019;2020;Science;Lebensmittelchemie;40;17
Wintersemester;2019;2020;Science;Mathematical Physics;65;10
Wintersemester;2019;2020;Science;Mathematics;71;22
Wintersemester;2019;2020;Science;Meteorologie;13;12
Wintersemester;2019;2020;Science;Nanowissenschaften;31;20
Wintersemester;2019;2020;Science;Ocean and Climate Physics;51;24
Wintersemester;2019;2020;Science;Physik;87;57
Wintersemester;2019;2020;Science;Technomathematik;50;15
Wintersemester;2019;2020;Science;Wirtschaftsinformatik;157;48
Wintersemester;2019;2020;Science;Wirtschaftsmathematik;24;8
Wintersemester;2019;2020;Science;Integrated Climate System Sciences int;89;20
Wintersemester;2019;2020;Science;Intelligent Adaptive Systems int;449;19
Wintersemester;2019;2020;Science;iMARSYS;31;15
Wintersemester;2019;2020;Science;Molecular Plant Science int;84;11
Wintersemester;2019;2020;Science;Physics;61;16
Wintersemester;2019;2020;Science;Wood Science;28;18
Wintersemester;2019;2020;Arts;Bewegungs- und Sportwissenschaft;76;26
Wintersemester;2019;2020;Science;Psychologie;1451;101
Wintersemester;2019;2020;Arts;Archäologie und Kulturgeschichte des Antiken Mittelmeerraums;86;24
Wintersemester;2019;2020;Arts;Internationale Kriminologie;220;38
Wintersemester;2019;2020;Arts;Journalistik und Kommunikationswissenschaft;126;36
Wintersemester;2019;2020;Arts;Politikwissenschaft;171;36
Wintersemester;2019;2020;Arts;Soziologie;126;37
Wintersemester;2019;2020;Science;Health Economics and Health Care Management;121;30
Wintersemester;2019;2020;Science;Interdisziplinäre Public and Nonprofit Studien;186;70
Wintersemester;2019;2020;Arts;International Business and Sustainability int;802;58
Wintersemester;2019;2020;Science;Economics int;277;38
Wintersemester;2019;2020;Science;Politics, Economics and Philosophy int;254;39
Wintersemester;2019;2020;Education;M.Ed. LA an Gymnasien;296;224
Wintersemester;2019;2020;Education;M.Ed. LA an Sonderschulen;138;123
Wintersemester;2019;2020;Education;M.Ed. LA Berufliche Schulen;187;175
Wintersemester;2019;2020;Education;M.Ed. LA der Primarstufe und Sekundarstufe I;233;202
Sommersemester;2020;2020;Arts;Higher Education;16;11
Sommersemester;2020;2020;Arts;Afrikanische Sprachen und Kulturen;7;0
Sommersemester;2020;2020;Arts;Allgemeine Sprachwissenschaft;21;6
Sommersemester;2020;2020;Arts;Archäologie und Kulturgeschichte des Antiken Mittelmeerraums;0;0
Sommersemester;2020;2020;Arts;Buddhist Studies;4;1
Sommersemester;2020;2020;Arts;Deutschsprachige Literaturen;44;11
Sommersemester;2020;2020;Arts;English as a World Language;20;4
Sommersemester;2020;2020;Arts;Gebärdensprachdolmetschen;0;0
Sommersemester;2020;2020;Arts;Gebärdensprachen;0;0
Sommersemester;2020;2020;Arts;Germanistische Linguistik;38;6
Sommersemester;2020;2020;Arts;Geschichte;21;12
Sommersemester;2020;2020;Arts;Geschichte, SuK des Vorderen Orients;14;6
Sommersemester;2020;2020;Arts;Griechische und Lateinische Philologie;1;1
Sommersemester;2020;2020;Arts;Historische Musikwissenschaft;7;2
Sommersemester;2020;2020;Arts;Indology and Tibetology;2;2
Sommersemester;2020;2020;Arts;Japanologie;3;0
Sommersemester;2020;2020;Arts;Jüdische Philosophie und Religion;0;0
Sommersemester;2020;2020;Arts;Kunstgeschichte;12;7
Sommersemester;2020;2020;Arts;Languages and Cultures of Southeast Asia;9;7
Sommersemester;2020;2020;Arts;Mittelalter-Studien;2;1
Sommersemester;2020;2020;Arts;Osteuropastudien;10;8
Sommersemester;2020;2020;Arts;Philosophie;13;6
Sommersemester;2020;2020;Arts;Romanische Literaturen;4;2
Sommersemester;2020;2020;Arts;Romanistische Linguistik;4;3
Sommersemester;2020;2020;Arts;Sinologie;7;3
Sommersemester;2020;2020;Arts;Slavistik;4;4
Sommersemester;2020;2020;Arts;Systematische Musikwissenschaft;4;4
Sommersemester;2020;2020;Arts;Uralische Sprachen und Kulturen;0;0
Sommersemester;2020;2020;Arts;Vor- und Frühgeschichtliche Archäologie;6;3
Sommersemester;2020;2020;Science;Chemie;43;22
Sommersemester;2020;2020;Science;Geophysik;8;3
Sommersemester;2020;2020;Science;Informatik;97;43
Sommersemester;2020;2020;Science;Mathematical Physics;39;4
Sommersemester;2020;2020;Science;Mathematics;53;8
Sommersemester;2020;2020;Science;Nanowissenschaften;13;8
Sommersemester;2020;2020;Science;Physik;63;43
Sommersemester;2020;2020;Science;Technomathematik;39;10
Sommersemester;2020;2020;Science;Wirtschaftsmathematik;29;8
Sommersemester;2020;2020;Arts;Human Resource Management;220;35
Wintersemester;2020;2021;Science;Betriebswirtschaft (Business Administration);1425;217
Wintersemester;2020;2021;Science;Wirtschaftsingenieurwesen;390;93
Wintersemester;2020;2021;Arts;Erziehungs- und Bildungswissenschaft;234;115
Wintersemester;2020;2021;Arts;Higher Education;24;20
Wintersemester;2020;2021;Arts;Mehrsprachigkeit und Bildung;52;21
Wintersemester;2020;2021;Arts;Religionen, Dialog und Bildung;21;13
Wintersemester;2020;2021;Arts;Afrikanische Sprachen und Kulturen;32;4
Wintersemester;2020;2021;Arts;Archäologie und Kulturgeschichte des Antiken Mittelmeerraums;3;3
Wintersemester;2020;2021;Arts;British and American Cultures: Texts and Media;65;28
Wintersemester;2020;2021;Arts;Buddhist Studies;7;2
Wintersemester;2020;2021;Arts;Deutschsprachige Literaturen;79;22
Wintersemester;2020;2021;Arts;Empirische Kulturwissenschaft;23;13
Wintersemester;2020;2021;Arts;English as a World Language;29;7
Wintersemester;2020;2021;Arts;Ethnologie;26;7
Wintersemester;2020;2021;Arts;Gebärdensprachdolmetschen (berufsbegleitend);1;0
Wintersemester;2020;2021;Arts;Gebärdensprachen;1;1
Wintersemester;2020;2021;Arts;Germanistische Linguistik;40;3
Wintersemester;2020;2021;Arts;Geschichte;33;17
Wintersemester;2020;2021;Arts;Geschichte, SuK des Vorderen Orients;15;6
Wintersemester;2020;2021;Arts;Griechische und Lateinische Philologie;3;2
Wintersemester;2020;2021;Arts;Historische Musikwissenschaft;14;5
Wintersemester;2020;2021;Arts;Indology and Tibetology;4;5
Wintersemester;2020;2021;Arts;Japanologie;4;1
Wintersemester;2020;2021;Arts;Jüdische Philosophie und Religion;1;1
Wintersemester;2020;2021;Arts;Kunstgeschichte;30;13
Wintersemester;2020;2021;Arts;Languages and Cultures of Southeast Asia;7;3
Wintersemester;2020;2021;Arts;Lateinamerika-Studien;42;10
Wintersemester;2020;2021;Arts;Lit, SuK Modernen Griechenlands (Neogräzistik);1;1
Wintersemester;2020;2021;Arts;Manuskriptkulturen;30;16
Wintersemester;2020;2021;Arts;Medienwissenschaft (Media Studies);203;14
Wintersemester;2020;2021;Arts;Mittelalter-Studien;4;3
Wintersemester;2020;2021;Arts;Osteuropastudien;17;7
Wintersemester;2020;2021;Arts;Philosophie;32;16
Wintersemester;2020;2021;Arts;Romanische Literaturen;3;2
Wintersemester;2020;2021;Arts;Romanistische Linguistik;3;2
Wintersemester;2020;2021;Arts;Sinologie;10;1
Wintersemester;2020;2021;Arts;Slavistik;2;0
Wintersemester;2020;2021;Arts;Systematische Musikwissenschaft;16;12
Wintersemester;2020;2021;Arts;Uralische Sprachen und Kulturen;0;0
Wintersemester;2020;2021;Arts;Vor- und Frühgeschichtliche Archäologie;5;4
Wintersemester;2020;2021;Arts;Buddhist Studies int;7;2
Wintersemester;2020;2021;Arts;Languages and Cultures of Southeast Asia int;5;3
Wintersemester;2020;2021;Science;Bioinformatik;55;12
Wintersemester;2020;2021;Science;Biologie;190;91
Wintersemester;2020;2021;Science;Chemie;69;35
Wintersemester;2020;2021;Science;Geographie;123;33
Wintersemester;2020;2021;Science;Geophysik;9;2
Wintersemester;2020;2021;Science;Geowissenschaften;53;32
Wintersemester;2020;2021;Science;Informatik;135;48
Wintersemester;2020;2021;Science;IT-Management und -Consulting;92;38
Wintersemester;2020;2021;Science;Kosmetikwissenschaft;88;29
Wintersemester;2020;2021;Science;Lebensmittelchemie;43;19
Wintersemester;2020;2021;Science;Mathematical Physics;86;9
Wintersemester;2020;2021;Science;Mathematics;89;19
Wintersemester;2020;2021;Science;Meteorologie;21;12
Wintersemester;2020;2021;Science;Molecular Life Sciences;180;47
Wintersemester;2020;2021;Science;Nanowissenschaften;19;13
Wintersemester;2020;2021;Science;Physik;104;65
Wintersemester;2020;2021;Science;Technomathematik;54;9
Wintersemester;2020;2021;Science;Wirtschaftsinformatik;159;47
Wintersemester;2020;2021;Science;Wirtschaftsmathematik;30;10
Wintersemester;2020;2021;Science;Integrated Climate System Sciences int;114;24
Wintersemester;2020;2021;Science;Intelligent Adaptive Systems int;332;19
Wintersemester;2020;2021;Science;iMARSYS;69;20
Wintersemester;2020;2021;Science;Molecular Plant Science int;91;18
Wintersemester;2020;2021;Science;Ocean and Climate Physics;32;18
Wintersemester;2020;2021;Science;Physics;124;26
Wintersemester;2020;2021;Science;Wood Science;32;23
Wintersemester;2020;2021;Arts;Bewegungs- und Sportwissenschaft;81;18
Wintersemester;2020;2021;Science;Psychologie;1665;111
Wintersemester;2020;2021;Arts;Archäologie und Kulturgeschichte des Antiken Mittelmeerraums;107;32
Wintersemester;2020;2021;Arts;Internationale Kriminologie;250;34
Wintersemester;2020;2021;Arts;Journalistik und Kommunikationswissenschaft;174;37
Wintersemester;2020;2021;Arts;Politikwissenschaft;174;33
Wintersemester;2020;2021;Arts;Soziologie;110;31
Wintersemester;2020;2021;Science;Health Economics and Health Care Management;119;35
Wintersemester;2020;2021;Science;Interdisziplinäre Public and Nonprofit Studien;237;56
Wintersemester;2020;2021;Arts;International Business and Sustainability int;895;67
Wintersemester;2020;2021;Science;Economics int;334;37
Wintersemester;2020;2021;Science;Politics, Economics and Philosophy int;263;35
Wintersemester;2020;2021;Education;M.Ed. LA an Gymnasien;271;207
Wintersemester;2020;2021;Education;M.Ed. LA an Sonderschulen;178;152
Wintersemester;2020;2021;Education;M.Ed. LA Berufliche Schulen;168;146
Wintersemester;2020;2021;Education;M.Ed. LA der Primarstufe und Sekundarstufe I;226;186
Sommersemester;2021;2021;Science;Wirtschaftsingenieurwesen;138;23
Sommersemester;2021;2021;Arts;Higher Education;31;21
Sommersemester;2021;2021;Arts;Afrikanische Sprachen und Kulturen;3;1
Sommersemester;2021;2021;Arts;Allgemeine Sprachwissenschaft;14;5
Sommersemester;2021;2021;Arts;Archäologie und Kulturgeschichte des Antiken Mittelmeerraums;2;1
Sommersemester;2021;2021;Arts;Buddhist Studies;5;1
Sommersemester;2021;2021;Arts;Deutschsprachige Literaturen;26;10
Sommersemester;2021;2021;Arts;English as a World Language;26;3
Sommersemester;2021;2021;Arts;Gebärdensprachdolmetschen;2;2
Sommersemester;2021;2021;Arts;Germanistische Linguistik;21;4
Sommersemester;2021;2021;Arts;Geschichte;21;12
Sommersemester;2021;2021;Arts;Geschichte, SuK des Vorderen Orients;13;3
Sommersemester;2021;2021;Arts;Griechische und Lateinische Philologie;2;2
Sommersemester;2021;2021;Arts;Historische Musikwissenschaft;8;2
Sommersemester;2021;2021;Arts;Indology and Tibetology;1;0
Sommersemester;2021;2021;Arts;Japanologie;3;2
Sommersemester;2021;2021;Arts;Jüdische Philosophie und Religion;0;0
Sommersemester;2021;2021;Arts;Kunstgeschichte;20;7
Sommersemester;2021;2021;Arts;Languages and Cultures of Southeast Asia;4;4
Sommersemester;2021;2021;Arts;Mittelalter-Studien;2;2
Sommersemester;2021;2021;Arts;Osteuropastudien;1;1
Sommersemester;2021;2021;Arts;Philosophie;12;7
Sommersemester;2021;2021;Arts;Romanische Literaturen;2;1
Sommersemester;2021;2021;Arts;Romanistische Linguistik;2;2
Sommersemester;2021;2021;Arts;Sinologie;3;0
Sommersemester;2021;2021;Arts;Slavistik;3;3
Sommersemester;2021;2021;Arts;Systematische Musikwissenschaft;6;3
Sommersemester;2021;2021;Arts;Uralische Sprachen und Kulturen;1;0
Sommersemester;2021;2021;Arts;Vor- und Frühgeschichtliche Archäologie;3;2
Sommersemester;2021;2021;Science;Chemie;46;13
Sommersemester;2021;2021;Science;Geophysik;27;4
Sommersemester;2021;2021;Science;Informatik;114;35
Sommersemester;2021;2021;Science;Mathematical Physics;38;5
Sommersemester;2021;2021;Science;Mathematics;59;11
Sommersemester;2021;2021;Science;Nanowissenschaften;19;11
Sommersemester;2021;2021;Science;Physik;66;35
Sommersemester;2021;2021;Science;Technomathematik;30;6
Sommersemester;2021;2021;Science;Wirtschaftsmathematik;28;8
Sommersemester;2021;2021;Arts;Human Resource Management;227;36
Wintersemester;2021;2022;Science;Betriebswirtschaft (Business Administration);1150;160
Wintersemester;2021;2022;Science;Wirtschaftsingenieurwesen;245;45
Wintersemester;2021;2022;Arts;Erziehungs- und Bildungswissenschaft;231;96
Wintersemester;2021;2022;Arts;Higher Education;22;19
Wintersemester;2021;2022;Arts;Mehrsprachigkeit und Bildung;39;16
Wintersemester;2021;2022;Arts;Religionen, Dialog und Bildung;16;9
Wintersemester;2021;2022;Arts;Afrikanische Sprachen und Kulturen;3;1
Wintersemester;2021;2022;Arts;Allgemeine Sprachwissenschaft;36;6
Wintersemester;2021;2022;Arts;Archäologie und Kulturgeschichte des Antiken Mittelmeerraums;8;6
Wintersemester;2021;2022;Arts;British and American Cultures: Texts and Media;58;19
Wintersemester;2021;2022;Arts;Buddhist Studies;12;5
Wintersemester;2021;2022;Arts;Deutschsprachige Literaturen;75;15
Wintersemester;2021;2022;Arts;Empirische Kulturwissenschaft;35;6
Wintersemester;2021;2022;Arts;English as a World Language;27;2
Wintersemester;2021;2022;Arts;Ethnologie;22;13
Wintersemester;2021;2022;Arts;Gebärdensprachdolmetschen (berufsbegleitend);3;3
Wintersemester;2021;2022;Arts;Gebärdensprachen;3;1
Wintersemester;2021;2022;Arts;Germanistische Linguistik;55;7
Wintersemester;2021;2022;Arts;Geschichte;39;26
Wintersemester;2021;2022;Arts;Geschichte, SuK des Vorderen Orients;9;5
Wintersemester;2021;2022;Arts;Griechische und Lateinische Philologie;1;1
Wintersemester;2021;2022;Arts;Historische Musikwissenschaft;16;4
Wintersemester;2021;2022;Arts;Indology and Tibetology;9;2
Wintersemester;2021;2022;Arts;Japanologie;6;3
Wintersemester;2021;2022;Arts;Jüdische Philosophie und Religion;2;0
Wintersemester;2021;2022;Arts;Koreanistik;7;2
Wintersemester;2021;2022;Arts;Kunstgeschichte;28;16
Wintersemester;2021;2022;Arts;Languages and Cultures of Southeast Asia;14;7
Wintersemester;2021;2022;Arts;Lateinamerika-Studien;29;9
Wintersemester;2021;2022;Arts;Lit, SuK Modernen Griechenlands (Neogräzistik);0;0
Wintersemester;2021;2022;Arts;Manuskriptkulturen;45;11
Wintersemester;2021;2022;Arts;Medienwissenschaft (Media Studies);156;20
Wintersemester;2021;2022;Arts;Mittelalter-Studien;0;0
Wintersemester;2021;2022;Arts;Osteuropastudien;12;11
Wintersemester;2021;2022;Arts;Philosophie;28;5
Wintersemester;2021;2022;Arts;Romanische Literaturen;6;2
Wintersemester;2021;2022;Arts;Romanistische Linguistik;5;1
Wintersemester;2021;2022;Arts;Sinologie;16;4
Wintersemester;2021;2022;Arts;Slavistik;7;3
Wintersemester;2021;2022;Arts;Systematische Musikwissenschaft;7;3
Wintersemester;2021;2022;Arts;Uralische Sprachen und Kulturen;0;0
Wintersemester;2021;2022;Arts;Vor- und Frühgeschichtliche Archäologie;3;3
Wintersemester;2021;2022;Arts;Buddhist Studies int;11;2
Wintersemester;2021;2022;Arts;Languages and Cultures of Southeast Asia int;10;4
Wintersemester;2021;2022;Science;Bioinformatik;52;26
Wintersemester;2021;2022;Science;Biologie;185;87
Wintersemester;2021;2022;Science;Chemie;95;38
Wintersemester;2021;2022;Science;Geographie;109;25
Wintersemester;2021;2022;Science;Geophysik;15;3
Wintersemester;2021;2022;Science;Geowissenschaften;39;24
Wintersemester;2021;2022;Science;Informatik;160;61
Wintersemester;2021;2022;Science;IT-Management und -Consulting;97;39
Wintersemester;2021;2022;Science;Kosmetikwissenschaft;77;25
Wintersemester;2021;2022;Science;Lebensmittelchemie;34;14
Wintersemester;2021;2022;Science;Mathematical Physics;97;8
Wintersemester;2021;2022;Science;Mathematics;95;18
Wintersemester;2021;2022;Science;Meteorologie;9;6
Wintersemester;2021;2022;Science;Molecular Life Sciences;148;38
Wintersemester;2021;2022;Science;Nanowissenschaften;41;24
Wintersemester;2021;2022;Science;Physik;91;57
Wintersemester;2021;2022;Science;Technomathematik;50;11
Wintersemester;2021;2022;Science;Wirtschaftsinformatik;132;50
Wintersemester;2021;2022;Science;Wirtschaftsmathematik;22;8
Wintersemester;2021;2022;Science;Integrated Climate System Sciences int;146;26
Wintersemester;2021;2022;Science;Intelligent Adaptive Systems int;342;22
Wintersemester;2021;2022;Science;iMARSYS;80;18
Wintersemester;2021;2022;Science;Molecular Plant Science int;118;16
Wintersemester;2021;2022;Science;Ocean and Climate Physics;197;30
Wintersemester;2021;2022;Science;Physics;161;38
Wintersemester;2021;2022;Science;Wood Science;27;15
Wintersemester;2021;2022;Arts;Bewegungs- und Sportwissenschaft;90;25
Wintersemester;2021;2022;Science;Psychologie;1898;96
Wintersemester;2021;2022;Arts;Arbeit, Wirtschaft und Gesellschaft: Ökonomische und Soziologische Studien;113;47
Wintersemester;2021;2022;Arts;Internationale Kriminologie;260;36
Wintersemester;2021;2022;Arts;Journalistik und Kommunikationswissenschaft;115;37
Wintersemester;2021;2022;Arts;Politikwissenschaft;149;29
Wintersemester;2021;2022;Arts;Soziologie;116;30
Wintersemester;2021;2022;Science;Health Economics and Health Care Management;144;31
Wintersemester;2021;2022;Science;Interdisziplinäre Public and Nonprofit Studien;186;44
Wintersemester;2021;2022;Arts;International Business and Sustainability int;965;69
Wintersemester;2021;2022;Science;Economics int;351;32
Wintersemester;2021;2022;Science;Politics, Economics and Philosophy int;283;36
Wintersemester;2021;2022;Education;M.Ed. LA Berufliche Schulen;136;120
Wintersemester;2021;2022;Education;M.Ed. LA an Gymnasien;314;252
Wintersemester;2021;2022;Education;M.Ed. LA der Primarstufe und Sekundarstufe I;271;219
Wintersemester;2021;2022;Education;M.Ed. LA an Sonderschulen;151;129